{
	"information": {
		"VATableEditor-CtrlDefinitions"	: "v2",
		"creationDate"					: "14Nov2020 12:50",
		"createdBy"						: "porjoo",
		"lastModifDate"					: "14Nov2020 12:50",
		"lastModifBy"					: "porjoo",
		"TrackingTblLib" 				: "public",
		"TrackingTable"   				: "VATableEditor_Changes",
		"TrackChanges"					: true,
		"defaultBehaviour"				: "editable",
		"ValidateTable"					: true
	},
	"reports": {
		"52b5eca5-77af-42c2-93b4-fab95102fd9e": "ReportsDefinitions/DQ_AutoProfiling_Rep1@public.ctrl.json",
		"20a56311-874b-450a-a679-4963b7a1b419": "ReportsDefinitions/Report 1.ctrl.json",
		"b81818ed-ef37-4999-b19e-aaa1bde4a52a": "ReportsDefinitions/DDC_Tests_(1).ctrl.json"
	}
}