{	
	"crtlInfo": {
		"version": 1,
		"creationDate": "01Oct2020 12:50",
		"createdBy": "porjoo",
		"lastModifDate": "01Oct2020 12:50",
		"lastModifBy": "porjoo"
	},
	"casServer": "cas-shared-default",
	"reportID": [
		"52b5eca5-77af-42c2-93b4-fab95102fd9e"
	],
	"defaultBehaviour" : "editable",
	"validUsers": {
		"groups": [
			"PTPowerUsers",
			"PTProjectShare",
			"BEPowerUsers",
			"BEProjectShare",
			"NLPowerUsers",
			"NLProjectShare",
			"FRPowerUsers",
			"FRProjectShare",
			"SPPowerUsers",
			"SPProjectShare",
			"ukipowerusers",
			"ukisupportusers"
		],
		"users": [
			"porjoo",
			"stest4",
			"snlref",
			"snlysy",
			"sasdemo",
			"sukdhs",
			"frajoz",
			"frascb",
			"sbxjej",
			"snlbad"
		]
	},
	"modules": {
		"cellChanges": true,
		"history": true,
		"saveChanges": true,
		"save2Disk": true,
		"addRows": true,
		"deleteRows": true,
		"updtColVal": true,
		"download": true,
		"downloadCSV": true,
		"downloadPDF": true,
		"downloadJSON": true,
		"downloadXLSX": true,
		"downloadHTML": true,
		"printing": true,
		"clipboard": true,
		"calculator": true,
		"logger": true
	},
	"notMappedColumnsDefaults": {
		"name": "unknown",
		"editable": false,
		"visible": false,
		"onDownload": true,
		"onPrint": true,
		"onClipboard": true,
		"calculator": false,
		"validation": {
			"required": null,
			"formula": null,
			"default": null,
			"min": null,
			"max": null,
			"minLength": null,
			"maxLength": null,
			"in": null,
			"starts": null,
			"ends": null,
			"regex": null
		}
	},
	"dataSources": [
		{
			"casLib": "public",
			"casTable": "DTA_PRF_RAWDTA_TABLEDICT",
			"validateOnLoad" : true,
			"trackChanges" : true,
			"columnDefaults": {
				"primaryKey": false,
				"editable": true,
				"visible": true,
				"onDownload": true,
				"onPrint": true,
				"onClipboard": true,
				"calculator": true,
				"validation": {
					"required": false,
					"formula": null,
					"default": null,
					"min": null,
					"max": null,
					"minLength": null,
					"maxLength": null,
					"in": null,
					"starts": null,
					"ends": null,
					"regex": null
				}
			},
			"columns": [
				{
					"name": "column_datatype",
					"validation": {
						"required": true,
						"default": "CHAR",
						"minLength": 4,
						"maxLength": 10
					}
				},
				{
					"name": "column_decimals",
					"validation": {
						"required": true,
						"default": 0,
						"min": 0,
						"max": 9
					}
				},
				{
					"name": "column_func_meaning"
				},
				{
					"name": "column_iscritical",
					"validation": {
						"required": true,
						"formula": null,
						"default": "Y",
						"minLength": 1,
						"maxLength": 1,
						"in": "Y|N"
					}
				},
				{
					"name": "column_label"
				},
				{
					"name": "column_meaning"
				},
				{
					"name": "column_minmax"
				},
				{
					"name": "column_name",
					"validation": {
						"required": true,
						"minLength": 3,
						"maxLength": 30
					}
				},
				{
					"name": "column_name_matchcode"
				},
				{
					"name": "column_type",
					"validation": {
						"required": true,
						"default": "CHAR",
						"minLength": 4,
						"maxLength": 5,
						"in": "CHAR|DOUBLE"
					}
				},
				{
					"name": "DQ_locale"
				},
				{
					"name": "DQ_match_level_addrs"
				},
				{
					"name": "DQ_match_level_names"
				},
				{
					"name": "rawdta_lib_name",
					"validation": {
						"required": true,
						"default": "public",
						"minLength": 3,
						"maxLength": 8
					}
				},
				{
					"name": "rawdta_table_name",
					"validation": {
						"required": true,
						"minLength": 8,
						"maxLength": 32
					}
				},
				{
					"name": "SID_model_name"
				},
				{
					"name": "column_2profile",
					"validation": {
						"required": true,
						"formula": null,
						"default": "Y",
						"minLength": 1,
						"maxLength": 1,
						"in": "Y|N"
					}
				},
				{
					"name": "column_pattern"
				},
				{
					"name": "Definition_date"
				},
				{
					"name": "Definition_Version",
					"validation": {
						"required": true,
						"default": 0,
						"min": 0,
						"max": 99999
					}
				},
				{
					"name": "Func_ValDesc"
				},
				{
					"name": "Func_Validation"
				},
				{
					"name": "column_mr_group"
				},
				{
					"name": "max_sample_size",
					"validation": {
						"required": true,
						"default": 100
					}
				},
				{
					"name": "DQ_Resolution_Actions"
				},
				{
					"name": "column_data_fmt"
				},
				{
					"name": "SID_model_caslib",
					"validation": {
						"required": false,
						"default": "modeldev",
						"minLength": 3,
						"maxLength": 8
					}
				},
				{
					"name": "SID_model_params"
				},
				{
					"name": "SID_model_table",
					"validation": {
						"required": false,
						"minLength": 8,
						"maxLength": 32
					}
				},
				{
					"name": "rowUID",
					"primaryKey": true,
					"validation": {
						"required": true
					}
				}
			]
		}
	]
}